{"cameraMode":{"drawMode":0,"name":"Shaded","section":"Shading Mode"},"sceneLighting":true,"audioPlay":false,"sceneViewState":{"showFog":true,"showMaterialUpdate":false,"showSkybox":true,"showFlares":true,"showImageEffects":true,"showParticleSystems":true},"in2DMode":false,"pivot":{"x":4.6891703605651859,"y":3.874762773513794,"z":-10.116966247558594},"rotation":{"x":-0.139262855052948,"y":-0.0132562555372715,"z":0.0019919683691114189,"w":-0.9900736808776856},"size":7.5568156242370609,"orthographic":false}