{"cameraMode":{"drawMode":0,"name":"Shaded","section":"Shading Mode"},"sceneLighting":false,"audioPlay":false,"sceneViewState":{"showFog":true,"showMaterialUpdate":false,"showSkybox":true,"showFlares":true,"showImageEffects":true,"showParticleSystems":true},"in2DMode":false,"pivot":{"x":-0.9490000009536743,"y":0.4880000352859497,"z":-4.567999839782715},"rotation":{"x":-0.07972497493028641,"y":-0.0038899173960089685,"z":0.0003110759425908327,"w":-0.9968073964118958},"size":2.8578836917877199,"orthographic":false}