{"cameraMode":{"drawMode":0,"name":"Shaded","section":"Shading Mode"},"sceneLighting":false,"audioPlay":false,"sceneViewState":{"showFog":true,"showMaterialUpdate":false,"showSkybox":true,"showFlares":true,"showImageEffects":true,"showParticleSystems":true},"in2DMode":false,"pivot":{"x":0.9004189968109131,"y":1.833146333694458,"z":1.4256291389465333},"rotation":{"x":0.0007250328199006617,"y":-0.9389179348945618,"z":0.3441266119480133,"w":0.0019775775726884605},"size":2.8578836917877199,"orthographic":false}