{"cameraMode":{"drawMode":0,"name":"Shaded","section":"Shading Mode"},"sceneLighting":false,"audioPlay":false,"sceneViewState":{"showFog":true,"showMaterialUpdate":false,"showSkybox":true,"showFlares":true,"showImageEffects":true,"showParticleSystems":true},"in2DMode":false,"pivot":{"x":-1.534000039100647,"y":4.560999870300293,"z":5.186999797821045},"rotation":{"x":-0.07972497493028641,"y":-0.0038899173960089685,"z":0.0003110759425908327,"w":-0.9968073964118958},"size":0.8573752641677856,"orthographic":false}