{"cameraMode":{"drawMode":0,"name":"Shaded","section":"Shading Mode"},"sceneLighting":false,"audioPlay":false,"sceneViewState":{"showFog":true,"showMaterialUpdate":false,"showSkybox":true,"showFlares":true,"showImageEffects":true,"showParticleSystems":true},"in2DMode":false,"pivot":{"x":-1.2415512800216675,"y":1.9550000429153443,"z":1.5160000324249268},"rotation":{"x":0.23935635387897492,"y":-0.012343470938503743,"z":0.0029192655347287657,"w":0.9707525372505188},"size":3.215118408203125,"orthographic":false}