{"cameraMode":{"drawMode":0,"name":"Shaded","section":"Shading Mode"},"sceneLighting":false,"audioPlay":false,"sceneViewState":{"showFog":true,"showMaterialUpdate":false,"showSkybox":true,"showFlares":true,"showImageEffects":true,"showParticleSystems":true},"in2DMode":false,"pivot":{"x":-1.534000039100647,"y":4.560999870300293,"z":5.186999797821045},"rotation":{"x":-0.06731103360652924,"y":-0.914990246295929,"z":0.35890716314315798,"w":-0.17160506546497346},"size":0.8573746085166931,"orthographic":false}