{"cameraMode":{"drawMode":0,"name":"Shaded","section":"Shading Mode"},"sceneLighting":true,"audioPlay":false,"sceneViewState":{"showFog":true,"showMaterialUpdate":false,"showSkybox":true,"showFlares":true,"showImageEffects":true,"showParticleSystems":true},"in2DMode":false,"pivot":{"x":-596.7288818359375,"y":623.8011474609375,"z":-304.6702575683594},"rotation":{"x":-0.24088937044143678,"y":-0.4196193814277649,"z":0.11653631180524826,"w":-0.8673636317253113},"size":1470.1240234375,"orthographic":true}