{"cameraMode":{"drawMode":0,"name":"Shaded","section":"Shading Mode"},"sceneLighting":true,"audioPlay":false,"sceneViewState":{"showFog":true,"showMaterialUpdate":false,"showSkybox":true,"showFlares":true,"showImageEffects":true,"showParticleSystems":true},"in2DMode":false,"pivot":{"x":500.9910888671875,"y":222.150390625,"z":476.8524169921875},"rotation":{"x":-0.45330795645713808,"y":-0.3900444805622101,"z":0.23031722009181977,"w":-0.7676794528961182},"size":1364.1180419921875,"orthographic":false}